"all_restaurant","safety","taste","clean","service","speed","price"
"Pita Pit",0.752066115702479,0.732824427480916,0.342723004694836,0.737037037037037,0.822222222222222,0.617117117117117
"Johnny Rockets",NA,0.400763358778626,NA,0.925925925925926,0.922222222222222,NA
"Burgatory",0.351239669421488,0.862595419847328,0.352112676056338,0.496296296296296,0.240740740740741,0.671171171171171
"Firehouse Subs",0.528925619834711,0.572519083969466,0.821596244131455,0.722222222222222,0.514814814814815,0.423423423423423
"Stownut Donut & Diner",0.537190082644628,0.916030534351145,0.694835680751174,0.862962962962963,0.625925925925926,0.504504504504504
"Blended",0.917355371900826,0.942748091603053,0.643192488262911,0.544444444444444,0.381481481481481,0.896396396396396
"Kouskous Express",0.747933884297521,0.977099236641221,0.727699530516432,0.692592592592593,0.677777777777778,NA
"Chipotle Mexican Grill",0.239669421487603,0.274809160305344,0.150234741784038,0.17037037037037,0.17037037037037,0.297297297297297
"Sweetie Fry",0.508264462809917,0.881679389312977,0.422535211267606,0.52962962962963,0.481481481481481,0.810810810810811
"Sonic Drive-In",0.252066115702479,0.179389312977099,0.154929577464789,0.185185185185185,0.0592592592592593,0.22972972972973
"TGI Fridays",0.0743801652892562,0.431297709923664,0.131455399061033,0.248148148148148,0.0259259259259259,0.13963963963964
"The Alcove",0.665289256198347,0.877862595419847,0.474178403755869,0.592592592592593,0.840740740740741,0.792792792792793
"Steak n Shake",0.210743801652893,0.229007633587786,0.136150234741784,0.0740740740740741,0.0333333333333333,0.36036036036036
"The Campus Grille",0.603305785123967,0.931297709923664,0.629107981220657,0.72962962962963,0.611111111111111,0.761261261261261
"Jimmy John's",0.495867768595041,0.347328244274809,0.647887323943662,0.37037037037037,0.744444444444444,0.382882882882883
"Popeyes Louisiana Kitchen",0.318181818181818,0.187022900763359,0.107981220657277,0.0777777777777778,0.151851851851852,0.265765765765766
"Swensons Drive-In",0.338842975206612,0.641221374045801,0.338028169014085,0.477777777777778,0.851851851851852,0.689189189189189
"Z's Cream & Bean",0.347107438016529,0.755725190839695,0.910798122065728,0.566666666666667,0.459259259259259,0.90990990990991
"McDonald's",0.169421487603306,0.125954198473282,0.126760563380282,0.0666666666666667,0.0851851851851852,0.288288288288288
"DP Dough",0.479338842975207,0.694656488549618,NA,0.062962962962963,0.255555555555556,0.540540540540541
"QDOBA Mexican Eats",0.442148760330579,0.49236641221374,0.375586854460094,0.492592592592593,0.7,0.490990990990991
"Wendy's",0.190082644628099,0.16030534351145,0.187793427230047,0.0555555555555556,0.0740740740740741,0.306306306306306
"Jersey Mike's Subs",0.84297520661157,0.522900763358779,0.619718309859155,0.725925925925926,0.588888888888889,0.581081081081081
"KFC",0.260330578512397,0.133587786259542,0.314553990610329,0.148148148148148,0.159259259259259,0.378378378378378
"Burger King",0.28099173553719,0.137404580152672,0.164319248826291,0.0962962962962963,0.185185185185185,0.283783783783784
"Taqueria Gonzalez",0.696280991735537,0.927480916030534,0.793427230046948,0.588888888888889,0.777777777777778,0.756756756756757
"Feeney's Weenies",0.723140495867769,0.66030534351145,NA,0.911111111111111,0.674074074074074,0.837837837837838
"Chick-fil-A",0.471074380165289,0.511450381679389,0.849765258215962,0.82962962962963,0.792592592592593,0.45045045045045
"Five Guys",0.673553719008264,0.637404580152672,0.483568075117371,0.62962962962963,0.648148148148148,0.468468468468468
"Erbert and Gerbert's",0.570247933884298,0.450381679389313,0.389671361502347,0.274074074074074,0.244444444444444,0.851351351351351
"Panda Express",0.31404958677686,0.0534351145038168,0.71830985915493,0.285185185185185,0.207407407407407,0.337837837837838
"Rockne's",0.0578512396694215,0.259541984732824,NA,0.433333333333333,0.222222222222222,0.153153153153153
"Quiznos",0.504132231404959,0.33969465648855,0.938967136150235,0.885185185185185,0.733333333333333,0.166666666666667
"Mixed Greens",0.971074380165289,0.622137404580153,NA,0.0814814814814815,0.433333333333333,NA
"Subway Restaurants",0.301652892561983,0.217557251908397,0.68075117370892,0.22962962962963,0.466666666666667,0.247747747747748
"Dairy Queen Grill & Chill",0.322314049586777,0.251908396946565,0.511737089201878,0.288888888888889,0.355555555555556,0.427927927927928
"4B Cafe",0.65702479338843,0.0267175572519084,NA,0.988888888888889,0.97037037037037,0.997747747747748
"Taco Bell",0.21900826446281,0.236641221374046,0.258215962441315,0.166666666666667,0.0777777777777778,0.31981981981982
"Arby's",0.516528925619835,0.305343511450382,0.737089201877934,0.455555555555556,0.707407407407407,0.333333333333333
"Wingin Out",0.12396694214876,0.221374045801527,0.36150234741784,0.0481481481481481,0.311111111111111,0.18018018018018
"The Red Caboose",0.380165289256198,0.316793893129771,NA,0.677777777777778,0.814814814814815,0.914414414414414
"Max & Erma's",NA,0.33206106870229,0.00938967136150235,0.666666666666667,0.422222222222222,0.126126126126126
"Penn Station East Coast Subs",0.925619834710744,0.465648854961832,0.572769953051643,0.444444444444444,0.607407407407407,0.256756756756757
"Auntie Anne's",0.0537190082644628,0.324427480916031,0.753521126760563,0.759259259259259,0.403703703703704,0.261261261261261
"Potbelly Sandwich Shop",0.59504132231405,0.725190839694656,0.347417840375587,0.818518518518519,0.52962962962963,0.369369369369369
"Dairy Queen",0.256198347107438,0.381679389312977,0.169014084507042,0.174074074074074,0.388888888888889,0.599099099099099
"Backdraft Bar & Grille",NA,0.282442748091603,0.117370892018779,0.451851851851852,0.42962962962963,0.162162162162162
"Steel City Diner",NA,NA,NA,0.337037037037037,0.344444444444444,NA
"Tilted Kilt Pub & Eatery",0.0785123966942149,0.404580152671756,0.408450704225352,0.648148148148148,0.32962962962963,0.225225225225225
"Fernando's",NA,0.952290076335878,NA,0.192592592592593,0.966666666666667,0.144144144144144
"Earl's Dairy Whip",0.0247933884297521,0.935114503816794,NA,0.981481481481482,NA,NA
"Sheetz",0.582644628099174,0.240458015267176,0.530516431924883,0.459259259259259,0.659259259259259,0.481981981981982
"Dairy Queen Orange Julius",0.194214876033058,0.290076335877863,0.906103286384977,0.733333333333333,0.555555555555556,0.54954954954955
"Subway",0.161157024793388,0.110687022900763,0.666666666666667,0.122222222222222,0.411111111111111,0.243243243243243
"Fossil Fuels Caf",NA,NA,0.953051643192488,NA,NA,NA
"Deon's Restaurant",0.524793388429752,0.0687022900763359,0.652582159624413,0.27037037037037,0.274074074074074,0.878378378378378
"Rally's",0.148760330578512,0.213740458015267,0.291079812206573,0.0925925925925926,0.688888888888889,0.572072072072072
"Mr. Chicken",0.115702479338843,0.0305343511450382,0.431924882629108,0.359259259259259,0.333333333333333,0.0765765765765766
"Salad Creations Madison",0.640495867768595,0.370229007633588,0.753521126760563,0.155555555555556,0.67037037037037,0.0315315315315315
"Cha Spirits & Pizza Kitchen",0.0867768595041322,0.820610687022901,NA,0.425925925925926,0.144444444444444,0.653153153153153
"The Place To Be",0.214876033057851,0.469465648854962,0.516431924882629,0.740740740740741,0.803703703703704,0.563063063063063
"Arby's Roast Beef Drive-In",0.859504132231405,0.67175572519084,0.0657276995305164,0.985185185185185,0.118518518518519,NA
"Hong Kong Wok",0.512396694214876,0.980916030534351,0.699530516431925,0.114814814814815,0.72962962962963,0.95045045045045
"Culver's",0.450413223140496,0.473282442748092,0.774647887323944,0.633333333333333,0.751851851851852,0.405405405405405
"Firehouse Subs Mineral Point",0.425619834710744,0.50763358778626,0.882629107981221,0.8,0.596296296296296,0.824324324324324
"Seti's Polish Boys",0.409090909090909,0.763358778625954,0.0187793427230047,0.537037037037037,0.503703703703704,0.828828828828829
"Denny's",0.0909090909090909,0.244274809160305,0.2018779342723,0.355555555555556,0.1,0.527027027027027
"Mr Hero",0.206611570247934,0.568702290076336,0.967136150234742,0.307407407407407,0.348148148148148,0.454954954954955
"Chopsticks Express",0.847107438016529,0.847328244274809,0.962441314553991,0.9,0.748148148148148,0.927927927927928
"Popeyes",NA,NA,NA,0.788888888888889,0.374074074074074,NA
"Daboro's",0.954545454545455,0.961832061068702,NA,0.907407407407407,0.492592592592593,0.207207207207207
"Long John Silver's",0.107438016528926,0.255725190839695,0.112676056338028,0.414814814814815,0.211111111111111,0.315315315315315
"Bob Evans",0.0495867768595041,0.0763358778625954,0.0516431924882629,0.162962962962963,0.037037037037037,0.103603603603604
"Real McCoy Sandwich Shop",1,0.114503816793893,0.788732394366197,0.603703703703704,0.414814814814815,0.644144144144144
"Beckham's B & M Bar B Que",0.231404958677686,0.557251908396947,0.183098591549296,0.0222222222222222,0.2,0.00900900900900901
"Raising Cane's Chicken Fingers",0.619834710743802,0.534351145038168,0.286384976525822,0.396296296296296,0.585185185185185,0.585585585585586
"Applebee's",0.0619834710743802,0.156488549618321,0.0563380281690141,0.325925925925926,0.448148148148148,NA
"Jade Tree Chinese Cuisine",0.892561983471074,0.965648854961832,0.89906103286385,0.585185185185185,0.959259259259259,0.518018018018018
"Inn Cahoots Bar",NA,NA,0.927230046948357,0.974074074074074,0.281481481481481,0.97972972972973
"Al's Fish & Chicken",NA,NA,NA,0.159259259259259,NA,NA
"White Castle",0.330578512396694,0.354961832061069,0.15962441314554,0.196296296296296,0.762962962962963,0.594594594594595
"Sarku Japan",0.644628099173554,0.309160305343511,NA,0.1,0.759259259259259,0.121621621621622
"Wingstop",0.880165289256198,0.458015267175573,0.690140845070423,0.322222222222222,0.0148148148148148,NA
"Dunkin'",0.0289256198347107,0.278625954198473,0.708920187793427,0.151851851851852,0.192592592592593,0.855855855855856
"Starbucks",0.103305785123967,0.209923664122137,0.333333333333333,0.485185185185185,0.266666666666667,0.630630630630631
"Jin's Chicken and Fish",0.140495867768595,0.769083969465649,0.0774647887323944,0.0407407407407407,0.0481481481481481,NA
"Tasty Platters and Fried Chicken",0.0413223140495868,NA,NA,NA,0.351851851851852,NA
"Pots n Tots",NA,NA,NA,NA,0.292592592592593,0.997747747747748
"Aces Grille - Middleburg Heights",0.392561983471074,0.083969465648855,0.591549295774648,0.851851851851852,0.0407407407407407,0.108108108108108
"Smoky Jon's No 1 BBQ",0.334710743801653,0.782442748091603,0.464788732394366,0.511111111111111,0.640740740740741,0.513513513513513
"Tea House Noodles",0.735537190082645,0.629770992366412,0.460093896713615,0.755555555555556,0.881481481481482,0.495495495495495
"Hot Head Burritos",0.541322314049587,0.248091603053435,0.802816901408451,0.533333333333333,0.833333333333333,0.324324324324324
"Freddy's Frozen Custard & Steakburgers",0.433884297520661,0.351145038167939,0.122065727699531,0.188888888888889,0.166666666666667,0.148648648648649
"Skyway Drive-In Restaurant",0.574380165289256,0.591603053435115,0.455399061032864,0.237037037037037,0.325925925925926,0.801801801801802
"Rascal House",0.421487603305785,0.583969465648855,0.568075117370892,0.366666666666667,0.288888888888889,0.238738738738739
"Chicken Grille",0.37603305785124,0.423664122137405,NA,0.57037037037037,0.818518518518519,0.635135135135135
"Patron Mexican Grill",0.272727272727273,0.553435114503817,0.525821596244131,0.774074074074074,0.551851851851852,0.436936936936937
"Best Gyros",0.446280991735537,0.587786259541985,0.713615023474178,0.562962962962963,0.462962962962963,0.536036036036036
"Harold's Chicken",0.797520661157025,0.618320610687023,NA,0.548148148148148,0.0888888888888889,0.459459459459459
"Hardee's",0.487603305785124,0.526717557251908,0.192488262910798,0.551851851851852,0.214814814814815,0.477477477477477
"Guthrie's Chicken Fingers",0.648760330578512,0.706106870229008,0.44131455399061,0.255555555555556,0.366666666666667,0.882882882882883
"DiPietro's",0.590909090909091,0.396946564885496,0.31924882629108,0.333333333333333,0.718518518518519,0.171171171171171
"Swensons Food Truck",NA,0.687022900763359,NA,0.0592592592592593,0.953703703703704,NA
"Arcade Pizza",0.557851239669422,0.549618320610687,0.328638497652582,0.0518518518518519,0.0666666666666667,0.806306306306306
"Dairy Queen / Orange Julius",NA,NA,0.253521126760563,0.392592592592593,0.307407407407407,NA
"The Icehouse",NA,0.444656488549618,NA,0.3,0.248148148148148,NA
"Sakkio Japan",0.774793388429752,0.853053435114504,NA,NA,0.933333333333333,0.97972972972973
"BIBIBOP Asian Grill",0.789256198347107,0.83206106870229,0.539906103286385,0.374074074074074,0.892592592592593,0.662162162162162
"Namaste Momo Corner",0.545454545454545,0.870229007633588,NA,0.637037037037037,0.511111111111111,0.81981981981982
"Krispy krunchy chicken",NA,0.444656488549618,NA,NA,0.362962962962963,NA
"Blaze Fast-Fire'd Pizza",0.756198347107438,0.656488549618321,0.366197183098592,0.655555555555556,0.437037037037037,0.576576576576577
"McDonalds",0.223140495867769,0.0801526717557252,0.497652582159624,0.32962962962963,0.533333333333333,0.752252252252252
"Steak n' Shake",0.198347107438017,0.488549618320611,0.582159624413146,0.0259259259259259,0.0037037037037037,0.292792792792793
"Bombaychaat",0.355371900826446,0.809160305343511,0.671361502347418,0.474074074074074,0.666666666666667,0.734234234234234
"The Gorilla",0.466942148760331,0.633587786259542,0.0845070422535211,0.207407407407407,0.703703703703704,0.5
"Little Caesars Pizza",NA,NA,NA,0.903703703703704,0.148148148148148,0.86036036036036
"Kato's Cajun",0.65702479338843,0.129770992366412,0.875586854460094,0.0851851851851852,0.359259259259259,0.943693693693694
"StonePepper's Grill",0.402892561983471,0.0954198473282443,NA,0.462962962962963,0.107407407407407,0.720720720720721
"Golden Mountain Restaurant",0.243801652892562,0.389312977099237,0.624413145539906,0.407407407407407,0.559259259259259,0.27027027027027
"Tgi Fridays",0.367768595041322,0.301526717557252,0.450704225352113,0.437037037037037,0.0814814814814815,0.018018018018018
"Chop It Salad Co",0.00826446280991736,0.225190839694656,NA,0.825925925925926,0.981481481481482,NA
"Mr. Hero",0.696280991735537,0.683206106870229,0.957746478873239,0.955555555555556,0.285185185185185,0.234234234234234
"Madtown Chicken N' Fish",0.731404958677686,0.0458015267175573,0.145539906103286,0.211111111111111,0.251851851851852,0.0720720720720721
"Brighton Hot Dog Shoppe",0.855371900826446,0.286259541984733,0.854460093896714,0.644444444444444,0.844444444444444,0.608108108108108
"Go Pretzel",0.975206611570248,0.988549618320611,0.28169014084507,0.662962962962963,0.62962962962963,0.936936936936937
"Einstein Bros",0.62603305785124,0.362595419847328,NA,0.0703703703703704,0.133333333333333,0.0540540540540541
"Charleys Philly Steaks",0.727272727272727,0.0648854961832061,0.89906103286385,0.251851851851852,0.874074074074074,0.0990990990990991
"Rudy Martino Original House of Submarines",0.962809917355372,0.145038167938931,NA,0.7,NA,0.943693693693694
"Teriyaki Express",NA,NA,0.927230046948357,0.181481481481481,0.155555555555556,NA
"The Pierogi Palace",NA,0.885496183206107,NA,0.711111111111111,0.722222222222222,NA
"Auntie Anne's Pretzels",NA,0.17175572519084,NA,0.240740740740741,0.233333333333333,NA
"Cilantro Taqueria",0.851239669421488,0.896946564885496,0.173708920187793,0.611111111111111,0.8,0.765765765765766
"Flavors Famous Street Food",0.0206611570247934,0.919847328244275,0.875586854460094,0.866666666666667,0.444444444444444,0.990990990990991
"Hank's Table",0.0454545454545455,0.00763358778625954,NA,0.622222222222222,0.277777777777778,0.545045045045045
"Ohio City Burrito",0.669421487603306,0.652671755725191,0.309859154929577,0.607407407407407,0.633333333333333,0.698198198198198
"China Palace",0.144628099173554,0.385496183206107,0.380281690140845,0.318518518518519,0.577777777777778,0.441441441441441
"Electric Earth Cafe",0.56198347107438,0.603053435114504,0.544600938967136,0.403703703703704,0.377777777777778,0.184684684684685
"Blaze Fast Fire'd Pizza",0.826446280991736,0.698473282442748,0.52112676056338,0.814814814814815,0.907407407407407,0.684684684684685
"Brothers Pizza",0.5,0.538167938931298,0.276995305164319,0.4,0.337037037037037,0.202702702702703
"Tootie's Famous Italian Beef",0.247933884297521,0.904580152671756,0.262910798122066,0.67037037037037,0.474074074074074,0.558558558558559
"Applebee's Grill + Bar",0.268595041322314,0.122137404580153,0.605633802816901,0.555555555555556,0.111111111111111,0.355855855855856
"Wings Over Pittsburgh",0.297520661157025,0.358778625954198,0.295774647887324,0.292592592592593,0.681481481481481,0.603603603603604
"Moe's Southwest Grill",0.235537190082645,0.16793893129771,0.0328638497652582,0.225925925925926,0.455555555555556,0.189189189189189
"Cardello Pizza",0.173553719008264,0.480916030534351,0.267605633802817,0.133333333333333,0.6,0.522522522522523
"Winner's Fast Food",NA,0.853053435114504,NA,NA,0.82962962962963,0.97972972972973
"Smiles Chinese Food",0.460743801652893,0.0229007633587786,0.389671361502347,0.177777777777778,0.540740740740741,NA
"Blaze Fast-Fired Pizza",0.549586776859504,0.194656488549618,0.63849765258216,0.340740740740741,0.259259259259259,0.198198198198198
"Teddywedgers",0.417355371900826,0.625954198473282,NA,0.859259259259259,0.766666666666667,0.666666666666667
"Dog 'n Suds",0.18595041322314,0.416030534351145,NA,0.6,0.3,0.112612612612613
"Steak N Shake",NA,0.0725190839694656,0.0610328638497653,0.348148148148148,0.0111111111111111,0.0675675675675676
"Plaza Freeze & Linda's Restaurant",NA,NA,NA,NA,0.685185185185185,NA
"GetGo",0.921487603305785,NA,0.983568075117371,0.559259259259259,0.837037037037037,NA
"Culver's Frozen Custard",0.797520661157025,0.263358778625954,0.816901408450704,0.840740740740741,0.937037037037037,0.747747747747748
"Gianni's Pizza - Hankey Farms/Oakdale",NA,0.595419847328244,NA,0.201851851851852,0.725925925925926,NA
"The Midway",0.34297520661157,0.99618320610687,NA,0.651851851851852,0.062962962962963,0.900900900900901
"Krispy Krunchy Chicken",0.979338842975207,0.202290076335878,NA,0.111111111111111,0.57037037037037,0.837837837837838
"Portillo's Hot Dogs",0.227272727272727,0.377862595419847,0.215962441314554,0.244444444444444,0.177777777777778,0.40990990990991
"Casa Del Rio Express",0.93801652892562,0.690839694656489,0.948356807511737,0.996296296296296,0.985185185185185,NA
"Grandslam Pizza",0.683884297520661,0.419847328244275,0.389671361502347,0.696296296296296,0.925925925925926,0.837837837837838
"Choolaah Indian BBQ",0.702479338842975,0.812977099236641,0.887323943661972,0.625925925925926,0.940740740740741,0.626126126126126
"Freshii",0.946280991735537,0.774809160305344,0.657276995305164,0.685185185185185,0.948148148148148,0.274774774774775
"Pizza Hut",0.111570247933884,0.0916030534351145,0.356807511737089,0.00740740740740741,0.0185185185185185,0.211711711711712
"Eat'n Park",0.586776859504132,0.484732824427481,0.812206572769953,0.714814814814815,0.385185185185185,0.396396396396396
"Carhops",0.636363636363636,0.736641221374046,0.220657276995305,0.918518518518519,0.618518518518518,0.418918918918919
"Flame Urban Chicken Grill",0.863636363636364,0.858778625954199,0.863849765258216,0.311111111111111,0.855555555555556,0.774774774774775
"Fresh & Meaty Burgers",0.966942148760331,0.793893129770992,0.577464788732394,0.440740740740741,0.440740740740741,0.77027027027027
"The Chicken Run",0.909090909090909,0.648854961832061,NA,0.525925925925926,0.781481481481481,0.797297297297297
"Taco John's",0.285123966942149,0.099236641221374,0.211267605633803,0.107407407407407,0.196296296296296,0.027027027027027
"Dilly's Drive-In - Peninsula",NA,0.0572519083969466,0.741784037558685,0.914814814814815,0.944444444444444,0.0855855855855856
"Speedy's Grub Shack",0.00413223140495868,0.729007633587786,0.704225352112676,0.488888888888889,0.977777777777778,0.445945945945946
"Gyro Express",0.396694214876033,0.545801526717557,NA,0.266666666666667,0.47037037037037,0.648648648648649
"Dinner Bell",0.954545454545455,0.769083969465649,NA,0.966666666666667,0.903703703703704,NA
"Mas Amigos Truck",0.65702479338843,0.427480916030534,0.0422535211267606,0.618518518518518,0.807407407407407,0.0135135135135135
"Terrene",0.983471074380165,0.958015267175573,0.762910798122066,0.362962962962963,0.485185185185185,0.531531531531532
"TCBY",0.62603305785124,0.938931297709924,0.835680751173709,0.92962962962963,0.77037037037037,NA
"GetGo Caf & Market",0.683884297520661,0.320610687022901,0.140845070422535,0.933333333333333,0.9,0.716216216216216
"Johnny Hot Dog",NA,0.561068702290076,NA,0.125925925925926,0.655555555555556,NA
"Circle K",0.714876033057851,NA,0.586854460093897,0.314814814814815,NA,NA
"Burrito King",NA,NA,NA,0.874074074074074,0.896296296296296,NA
"Gyros and Wraps",0.929752066115702,0.973282442748092,0.807511737089202,0.785185185185185,NA,NA
"Mr Hero Restaurants",NA,0.67175572519084,1,0.95,0.218518518518519,NA
"Steak Escape West Towne Mall",0.954545454545455,0.679389312977099,0.927230046948357,0.992592592592593,1,NA
"Pizza Pan",0.871900826446281,0.952290076335878,0.835680751173709,0.940740740740741,0.87037037037037,NA
"El Gallo De Oro",0.0165289256198347,NA,0.0469483568075117,0.303703703703704,0.125925925925926,NA
"Snappy's Chill Grill",NA,0.900763358778626,NA,0.261111111111111,0.0222222222222222,NA
"Sa-Bai Thong",0.309917355371901,0.790076335877863,0.492957746478873,0.577777777777778,0.225925925925926,0.707207207207207
"Bearden's Restaurant",0.553719008264463,0.713740458015267,0.633802816901408,0.448148148148148,0.581481481481481,0.509009009009009
"Hot Sauce Williams Barbecue Restaurant",0.326446280991736,0.614503816793893,0.028169014084507,0.140740740740741,0.140740740740741,0.675675675675676
"Pizza 216",0.491735537190083,0.530534351145038,0.413145539906103,0.418518518518519,0.296296296296296,0.391891891891892
"Cheba Hut Toasted Subs",0.599173553719008,0.606870229007634,0.446009389671362,0.707407407407407,0.518518518518518,0.612612612612613
"Glaze Teriyaki",0.0661157024793388,0.721374045801527,0.685446009389671,0.411111111111111,0.911111111111111,0.157657657657658
"Sunset Pizza & Grille",0.607438016528926,0.778625954198473,0.676056338028169,0.97037037037037,0.614814814814815,NA
"Get Some Burritos",0.454545454545455,0.106870229007634,0.305164319248826,0.522222222222222,0.714814814814815,0.036036036036036
"Arnie's Public House",0.165289256198347,0.816793893129771,0.55868544600939,0.766666666666667,0.603703703703704,0.373873873873874
"Project: Pizza",0.764462809917355,0.889312977099237,0.549295774647887,0.381481481481481,0.848148148148148,0.567567567567568
"GetGo from Giant Eagle",0.119834710743802,0.141221374045802,0.427230046948357,0.118518518518519,0.162962962962963,0.400900900900901
"Mr. Beaners Drive-Thru Weiners",0.838842975206612,0.0419847328244275,0.0774647887323944,1,0.522222222222222,NA
"Chick-Fil-A",0.892561983471074,0.893129770992366,NA,0.962962962962963,0.988888888888889,NA
"Pastucci's",0.942148760330578,0.297709923664122,0.863849765258216,0.977777777777778,0.92962962962963,0.387387387387387
"Michelson & Morley",0.677685950413223,0.198473282442748,0.615023474178404,0.574074074074074,0.0555555555555556,0.869369369369369
"Honey Baked Ham Company",0.714876033057851,0.67175572519084,0.983568075117371,0.95,0.318518518518519,NA
"Hounds Hotdogs & Gyros",0.388429752066116,0.923664122137405,NA,0.855555555555556,0.774074074074074,0.342342342342342
"Roy's By the Tracks",NA,NA,NA,0.874074074074074,NA,NA
"Quaker Steak & Lube",0.0702479338842975,0.293893129770992,0.746478873239437,0.703703703703704,0.811111111111111,0.346846846846847
"Pirollo's Delicatessen & Take-Out",0.987603305785124,0.99236641221374,NA,0.422222222222222,NA,NA
"BRGR",NA,0.0362595419847328,0.0140845070422535,0.261111111111111,0.122222222222222,NA
"Grecian Isles",0.892561983471074,0.0114503816793893,0.990610328638498,0.796296296296296,NA,NA
"MOD Pizza",0.774793388429752,0.740458015267176,0.488262910798122,0.848148148148148,0.859259259259259,0.779279279279279
"Noodles & Company",0.413223140495868,0.118320610687023,0.103286384976526,0.518518518518518,0.574074074074074,0.328828828828829
"Mashiso Asian Grille",0.834710743801653,0.744274809160305,0.779342723004695,0.614814814814815,0.885185185185185,0.783783783783784
"Pizza Ephesus",0.363636363636364,0.599236641221374,0.370892018779343,0.351851851851852,0.496296296296296,0.486486486486487
"Phuel Cafe",0.822314049586777,0.866412213740458,0.469483568075117,0.718518518518519,0.396296296296296,0.301801801801802
"Skyline Chili",0.289256198347107,0.408396946564886,0.826291079812207,0.744444444444444,0.785185185185185,0.711711711711712
"Piada Italian Street Food",0.475206611570248,0.393129770992366,0.417840375586854,0.277777777777778,0.548148148148148,0.59009009009009
"Pedros Pedros",0.15702479338843,0.0877862595419847,0.206572769953052,0.0296296296296296,0.418518518518519,0.0405405405405405
"Olive Garden Italian Restaurant",0.276859504132231,0.267175572519084,0.197183098591549,0.503703703703704,0.0296296296296296,0.220720720720721
"Mars Bar & Cafe",0.533057851239669,0.374045801526718,NA,0.762962962962963,0.488888888888889,0.63963963963964
"South Philly Steak & Fries",0.743801652892562,0.50381679389313,0.0985915492957746,0.0185185185185185,0.00740740740740741,NA
"Big J J Fish & Chicken",0.264462809917355,0.786259541984733,0.234741784037559,0.937037037037037,0.262962962962963,0.873873873873874
"Mr Hoagie",0.933884297520661,0.183206106870229,0.863849765258216,0.881481481481482,0.711111111111111,0.193693693693694
"Johnny J's Pub & Grille",0.132231404958678,0.16412213740458,0.610328638497653,0.5,0.622222222222222,0.472972972972973
"Roly Poly",0.814049586776859,0.751908396946565,0.563380281690141,0.807407407407407,0.862962962962963,0.621621621621622
"George's Chicken and Fish",NA,0.412213740458015,0.762910798122066,0.896296296296296,0.203703703703704,0.905405405405405
"Cooper Deli",NA,NA,NA,NA,0.996296296296296,0.918918918918919
"A&W Restaurant",0.520661157024793,0.343511450381679,0.915492957746479,0.296296296296296,0.537037037037037,0.279279279279279
"Hazel's Family Restaurant",0.578512396694215,0.103053435114504,0.727699530516432,0.944444444444444,0.114814814814815,NA
"Pedro's Pedro's",0.867768595041322,0.00381679389312977,NA,0.0037037037037037,0.477777777777778,0.045045045045045
"Hms Host Great Lakes Plaza",NA,0.748091603053435,0.995305164319249,0.144444444444444,0.27037037037037,NA
"Cousins Subs",NA,0.946564885496183,NA,0.0333333333333333,0.962962962962963,0.932432432432432
"Shake Shack",0.371900826446281,0.874045801526718,0.507042253521127,0.803703703703704,0.740740740740741,0.463963963963964
"Pittsburgh International Airport",0.0371900826446281,0.152671755725191,0.845070422535211,0.540740740740741,0.566666666666667,0.310810810810811
"Ohio Kabob Grill",0.87603305785124,0.969465648854962,0.502347417840376,0.781481481481481,0.544444444444444,0.414414414414414
"Pita Pit- Fairview Park",0.913223140495868,0.645038167938931,0.892018779342723,0.892592592592593,0.914814814814815,0.738738738738739
"Derald's",0.0991735537190083,0.83969465648855,NA,0.281481481481481,0.796296296296296,0.702702702702703
"Bombay Gyro's and Lunch Box",0.566115702479339,0.759541984732824,0.323943661971831,0.344444444444444,0.737037037037037,NA
"On Tap",0.202479338842975,0.148854961832061,0.0938967136150235,0.385185185185185,0.425925925925926,0.351351351351351
"Jordandal Cookhouse",0.830578512396694,0.824427480916031,0.47887323943662,0.659259259259259,0.525925925925926,0.864864864864865
"Old Fashion Hot Dogs",0.177685950413223,0.438931297709924,0.300469483568075,0.640740740740741,0.637037037037037,0.72972972972973
"Yovi's",0.706611570247934,0.83587786259542,0.727699530516432,0.837037037037037,0.825925925925926,0.815315315315315
"Toast",0.760330578512397,0.843511450381679,NA,0.844444444444444,0.651851851851852,0.135135135135135
"MOOYAH Burgers Fries & Shakes",0.384297520661157,0.454198473282443,0.248826291079812,0.466666666666667,0.692592592592593,0.0900900900900901
"Famous Gyro George",0.797520661157025,0.49618320610687,0.00469483568075117,0.514814814814815,0.314814814814815,0.364864864864865
"Which Wich",0.460743801652893,0.477099236641221,NA,0.681481481481481,0.12962962962963,0.0495495495495495
"Taco Bell Cantina",0.43801652892562,0.32824427480916,0.23943661971831,0.233333333333333,0.507407407407407,0.252252252252252
"Asia Tea House",0.615702479338843,0.190839694656489,NA,0.507407407407407,0.696296296296296,0.554054054054054
"Sports Fanatics",0.483471074380165,0.564885496183206,0.535211267605634,0.688888888888889,0.103703703703704,NA
"Au Bon Pain",0.892561983471074,0.984732824427481,NA,0.0148148148148148,0.237037037037037,NA
"Sonic",0.012396694214876,NA,NA,NA,0.322222222222222,0.97972972972973
"Wienerschnitzel",NA,0.366412213740458,0.7981220657277,0.833333333333333,0.788888888888889,0.216216216216216
"GrandSlam Pizza",0.774793388429752,0.049618320610687,NA,NA,NA,0.966216216216216
"Steak Escape East Towne Mall",0.774793388429752,0.0362595419847328,NA,0.12962962962963,0.0444444444444444,NA
"Chicken Shack",0.892561983471074,0.580152671755725,NA,NA,0.0925925925925926,NA
"Bellisario's Restaurant",NA,0.515267175572519,0.0704225352112676,0.0888888888888889,0.451851851851852,0.0585585585585586
"Windy City Express",NA,0.709923664122137,0.0375586854460094,NA,0.953703703703704,NA
"Nikkis Good 2 Go Restaurant",0.995867768595041,0.801526717557252,NA,0.874074074074074,0.918518518518519,NA
"B-K Rootbeer Drive-In",0.402892561983471,0.5,NA,0.377777777777778,0.755555555555556,NA
"Asian Fusion Bowl",0.429752066115702,0.717557251908397,0.178403755868545,0.888888888888889,0.644444444444444,0.175675675675676
"Louie's Bar & Grille",0.611570247933884,0.797709923664122,0.39906103286385,0.47037037037037,0.407407407407407,0.657657657657658
"First Watch",0.809917355371901,0.908396946564885,0.553990610328638,0.777777777777778,0.4,0.432432432432432
"Perkins Restaurant & Bakery",0.359504132231405,0.461832061068702,0.784037558685446,0.811111111111111,0.174074074074074,0.743243243243243
"la Cappella",0.136363636363636,0.0610687022900763,0.225352112676056,0.42962962962963,0.0962962962962963,0.0225225225225225
"Hibachi Express",0.991735537190083,1,0.927230046948357,0.218518518518519,0.992592592592593,0.966216216216216
"El Taco Macho",0.805785123966942,0.82824427480916,0.60093896713615,0.596296296296296,0.5,0.725225225225225
"Igloo Frozen Yogurt And Treats",0.818181818181818,0.912213740458015,0.971830985915493,0.959259259259259,0.877777777777778,0.887387387387387
"V's Gourmet",0.785123966942149,0.805343511450382,0.272300469483568,0.388888888888889,0.0703703703703704,0.954954954954955
"Wings Over Madison",0.305785123966942,0.270992366412214,0.0892018779342723,0.137037037037037,0.562962962962963,0.68018018018018
"Harvey's",NA,0.312977099236641,NA,0.0111111111111111,0.0518518518518519,NA
"Zone 28",0.293388429752066,0.175572519083969,0.436619718309859,0.103703703703704,0.22962962962963,0.0630630630630631
"Mr Chicken",NA,0.576335877862595,NA,0.218518518518519,NA,NA
"Lotsa Stone Fired Pizza",0.739669421487603,0.435114503816794,0.661971830985915,0.822222222222222,0.303703703703704,0.117117117117117
"Arthur Treacher's",0.90495867768595,0.232824427480916,0.943661971830986,0.922222222222222,0.888888888888889,0.788288288288288
"Swirlie Whirlie",0.0950413223140496,NA,0.976525821596244,0.77037037037037,0.866666666666667,NA
"BnD'z Burgerz & Dogz",0.632231404958678,0.519083969465649,0.769953051643192,0.748148148148148,0.188888888888889,0.130630630630631
"Pizza Bianca",NA,0.541984732824427,0.835680751173709,0.037037037037037,0.137037037037037,0.846846846846847
"No 1 Express",0.152892561983471,0.33587786259542,0.244131455399061,0.481481481481481,0.662962962962963,0.0945945945945946
"Myles Teddywedgers",0.0826446280991736,0.702290076335878,0.230046948356808,0.674074074074074,0.392592592592593,0.693693693693694
"Madison Cuisine",0.128099173553719,NA,NA,0.0444444444444444,0.592592592592593,NA
"Sammy's Famous Corned Beef",0.0330578512396694,0.0152671755725191,0.0234741784037559,0.201851851851852,NA,0.923423423423423
"Naty's Fast Food",0.181818181818182,0.610687022900763,0.596244131455399,0.581481481481481,0.181481481481481,0.959459459459459
"Preeti's PiTT",0.714876033057851,0.206106870229008,NA,0.751851851851852,0.37037037037037,0.0810810810810811
"Blaze Pizza",0.690082644628099,0.66412213740458,0.403755868544601,0.792592592592593,0.340740740740741,0.891891891891892
"Garbanzo Mediterranean Fresh",NA,0.0190839694656489,NA,0.218518518518519,0.974074074074074,0.0045045045045045
